{
  "0": {
    "precision": {
      "mean": 0.9,
      "std": 0.2,
      "n": 5
    },
    "recall": {
      "mean": 0.8,
      "std": 0.4,
      "n": 5
    },
    "f1-score": {
      "mean": 0.7333333333333333,
      "std": 0.38873012632302,
      "n": 5
    },
    "support": {
      "mean": 1.6,
      "std": 0.4898979485566356,
      "n": 5
    }
  },
  "1": {
    "precision": {
      "mean": 0.7333333333333333,
      "std": 0.38873012632302,
      "n": 5
    },
    "recall": {
      "mean": 0.4333333333333333,
      "std": 0.38873012632302,
      "n": 5
    },
    "f1-score": {
      "mean": 0.4666666666666666,
      "std": 0.4,
      "n": 5
    },
    "support": {
      "mean": 2.2,
      "std": 0.39999999999999997,
      "n": 5
    }
  },
  "2": {
    "precision": {
      "mean": 0.8333333333333333,
      "std": 0.21081851067789195,
      "n": 5
    },
    "recall": {
      "mean": 0.6,
      "std": 0.37416573867739417,
      "n": 5
    },
    "f1-score": {
      "mean": 0.5933333333333334,
      "std": 0.3388870673903689,
      "n": 5
    },
    "support": {
      "mean": 2.0,
      "std": 0.0,
      "n": 5
    }
  },
  "3": {
    "precision": {
      "mean": 1.0,
      "std": 0.0,
      "n": 5
    },
    "recall": {
      "mean": 0.9,
      "std": 0.20000000000000004,
      "n": 5
    },
    "f1-score": {
      "mean": 0.9333333333333332,
      "std": 0.13333333333333336,
      "n": 5
    },
    "support": {
      "mean": 2.0,
      "std": 0.0,
      "n": 5
    }
  },
  "4": {
    "precision": {
      "mean": 0.7866666666666667,
      "std": 0.16138291249213607,
      "n": 5
    },
    "recall": {
      "mean": 1.0,
      "std": 0.0,
      "n": 5
    },
    "f1-score": {
      "mean": 0.8707070707070705,
      "std": 0.10998511182881779,
      "n": 5
    },
    "support": {
      "mean": 4.2,
      "std": 0.39999999999999997,
      "n": 5
    }
  },
  "accuracy": {
    "mean": 0.8,
    "std": 0.11303883305208778,
    "n": 5
  },
  "macro avg": {
    "precision": {
      "mean": 0.8506666666666666,
      "std": 0.08759502776350314,
      "n": 5
    },
    "recall": {
      "mean": 0.7466666666666667,
      "std": 0.12400716825158849,
      "n": 5
    },
    "f1-score": {
      "mean": 0.7194747474747474,
      "std": 0.12885276084013447,
      "n": 5
    },
    "support": {
      "mean": 12.0,
      "std": 0.0,
      "n": 5
    }
  },
  "weighted avg": {
    "precision": {
      "mean": 0.8400000000000001,
      "std": 0.09055044293679292,
      "n": 5
    },
    "recall": {
      "mean": 0.8,
      "std": 0.11303883305208778,
      "n": 5
    },
    "f1-score": {
      "mean": 0.7598316498316499,
      "std": 0.13505736731757767,
      "n": 5
    },
    "support": {
      "mean": 12.0,
      "std": 0.0,
      "n": 5
    }
  }
}