{
  "0": {
    "precision": {
      "mean": 0.7999999999999999,
      "std": 0.16329931618554525,
      "n": 5
    },
    "recall": {
      "mean": 0.9,
      "std": 0.2,
      "n": 5
    },
    "f1-score": {
      "mean": 0.8133333333333332,
      "std": 0.10666666666666667,
      "n": 5
    },
    "support": {
      "mean": 2.0,
      "std": 0.0,
      "n": 5
    }
  },
  "1": {
    "precision": {
      "mean": 0.8666666666666666,
      "std": 0.16329931618554522,
      "n": 5
    },
    "recall": {
      "mean": 0.9,
      "std": 0.20000000000000004,
      "n": 5
    },
    "f1-score": {
      "mean": 0.8533333333333333,
      "std": 0.12927146286443544,
      "n": 5
    },
    "support": {
      "mean": 2.0,
      "std": 0.0,
      "n": 5
    }
  },
  "2": {
    "precision": {
      "mean": 1.0,
      "std": 0.0,
      "n": 5
    },
    "recall": {
      "mean": 1.0,
      "std": 0.0,
      "n": 5
    },
    "f1-score": {
      "mean": 1.0,
      "std": 0.0,
      "n": 5
    },
    "support": {
      "mean": 2.0,
      "std": 0.0,
      "n": 5
    }
  },
  "3": {
    "precision": {
      "mean": 1.0,
      "std": 0.0,
      "n": 5
    },
    "recall": {
      "mean": 0.7,
      "std": 0.4,
      "n": 5
    },
    "f1-score": {
      "mean": 0.7333333333333333,
      "std": 0.38873012632302,
      "n": 5
    },
    "support": {
      "mean": 2.0,
      "std": 0.0,
      "n": 5
    }
  },
  "accuracy": {
    "mean": 0.875,
    "std": 0.07905694150420949,
    "n": 5
  },
  "macro avg": {
    "precision": {
      "mean": 0.9166666666666666,
      "std": 0.052704627669473016,
      "n": 5
    },
    "recall": {
      "mean": 0.875,
      "std": 0.07905694150420949,
      "n": 5
    },
    "f1-score": {
      "mean": 0.85,
      "std": 0.11254628677422754,
      "n": 5
    },
    "support": {
      "mean": 8.0,
      "std": 0.0,
      "n": 5
    }
  },
  "weighted avg": {
    "precision": {
      "mean": 0.9166666666666666,
      "std": 0.052704627669473016,
      "n": 5
    },
    "recall": {
      "mean": 0.875,
      "std": 0.07905694150420949,
      "n": 5
    },
    "f1-score": {
      "mean": 0.85,
      "std": 0.11254628677422754,
      "n": 5
    },
    "support": {
      "mean": 8.0,
      "std": 0.0,
      "n": 5
    }
  }
}