{
  "0": {
    "precision": {
      "mean": 0.9333333333333333,
      "std": 0.08164965809277258,
      "n": 5
    },
    "recall": {
      "mean": 1.0,
      "std": 0.0,
      "n": 5
    },
    "f1-score": {
      "mean": 0.9636363636363636,
      "std": 0.04453617714151235,
      "n": 5
    },
    "support": {
      "mean": 5.0,
      "std": 0.0,
      "n": 5
    }
  },
  "1": {
    "precision": {
      "mean": 0.8266666666666665,
      "std": 0.14966629547095767,
      "n": 5
    },
    "recall": {
      "mean": 0.7499999999999999,
      "std": 0.12909944487358058,
      "n": 5
    },
    "f1-score": {
      "mean": 0.7758730158730158,
      "std": 0.09360719996943295,
      "n": 5
    },
    "support": {
      "mean": 3.4,
      "std": 0.4898979485566356,
      "n": 5
    }
  },
  "2": {
    "precision": {
      "mean": 0.82,
      "std": 0.15684387141358122,
      "n": 5
    },
    "recall": {
      "mean": 0.8,
      "std": 0.09999999999999999,
      "n": 5
    },
    "f1-score": {
      "mean": 0.8047619047619048,
      "std": 0.1148300528741666,
      "n": 5
    },
    "support": {
      "mean": 4.2,
      "std": 0.39999999999999997,
      "n": 5
    }
  },
  "3": {
    "precision": {
      "mean": 0.7566666666666668,
      "std": 0.08273115763993907,
      "n": 5
    },
    "recall": {
      "mean": 0.74,
      "std": 0.17435595774162696,
      "n": 5
    },
    "f1-score": {
      "mean": 0.7442424242424244,
      "std": 0.12564032504096911,
      "n": 5
    },
    "support": {
      "mean": 5.2,
      "std": 0.39999999999999997,
      "n": 5
    }
  },
  "4": {
    "precision": {
      "mean": 0.78,
      "std": 0.22045407685048604,
      "n": 5
    },
    "recall": {
      "mean": 0.7,
      "std": 0.291547594742265,
      "n": 5
    },
    "f1-score": {
      "mean": 0.6903174603174603,
      "std": 0.23325255053388347,
      "n": 5
    },
    "support": {
      "mean": 3.8,
      "std": 0.39999999999999997,
      "n": 5
    }
  },
  "5": {
    "precision": {
      "mean": 1.0,
      "std": 0.0,
      "n": 5
    },
    "recall": {
      "mean": 1.0,
      "std": 0.0,
      "n": 5
    },
    "f1-score": {
      "mean": 1.0,
      "std": 0.0,
      "n": 5
    },
    "support": {
      "mean": 1.8,
      "std": 0.4,
      "n": 5
    }
  },
  "6": {
    "precision": {
      "mean": 0.7233333333333334,
      "std": 0.07859884081701067,
      "n": 5
    },
    "recall": {
      "mean": 0.7600000000000001,
      "std": 0.14966629547095767,
      "n": 5
    },
    "f1-score": {
      "mean": 0.7365656565656566,
      "std": 0.10084511778890931,
      "n": 5
    },
    "support": {
      "mean": 4.8,
      "std": 0.39999999999999997,
      "n": 5
    }
  },
  "accuracy": {
    "mean": 0.8091133004926109,
    "std": 0.059389747677074216,
    "n": 5
  },
  "macro avg": {
    "precision": {
      "mean": 0.8342857142857142,
      "std": 0.05743180911666196,
      "n": 5
    },
    "recall": {
      "mean": 0.8214285714285714,
      "std": 0.047880236077140675,
      "n": 5
    },
    "f1-score": {
      "mean": 0.8164852607709749,
      "std": 0.04902950430198091,
      "n": 5
    },
    "support": {
      "mean": 28.2,
      "std": 0.39999999999999997,
      "n": 5
    }
  },
  "weighted avg": {
    "precision": {
      "mean": 0.8202586206896552,
      "std": 0.06090051387189074,
      "n": 5
    },
    "recall": {
      "mean": 0.8091133004926109,
      "std": 0.059389747677074216,
      "n": 5
    },
    "f1-score": {
      "mean": 0.8033512464546947,
      "std": 0.05632241290128055,
      "n": 5
    },
    "support": {
      "mean": 28.2,
      "std": 0.39999999999999997,
      "n": 5
    }
  }
}