{
  "0": {
    "precision": {
      "mean": 0.9,
      "std": 0.13333333333333336,
      "n": 5
    },
    "recall": {
      "mean": 0.96,
      "std": 0.07999999999999999,
      "n": 5
    },
    "f1-score": {
      "mean": 0.9195959595959596,
      "std": 0.0752144843175704,
      "n": 5
    },
    "support": {
      "mean": 4.8,
      "std": 0.39999999999999997,
      "n": 5
    }
  },
  "1": {
    "precision": {
      "mean": 0.96,
      "std": 0.07999999999999999,
      "n": 5
    },
    "recall": {
      "mean": 0.96,
      "std": 0.07999999999999999,
      "n": 5
    },
    "f1-score": {
      "mean": 0.96,
      "std": 0.07999999999999999,
      "n": 5
    },
    "support": {
      "mean": 4.8,
      "std": 0.39999999999999997,
      "n": 5
    }
  },
  "2": {
    "precision": {
      "mean": 1.0,
      "std": 0.0,
      "n": 5
    },
    "recall": {
      "mean": 0.8799999999999999,
      "std": 0.16,
      "n": 5
    },
    "f1-score": {
      "mean": 0.9277777777777778,
      "std": 0.09875771574795099,
      "n": 5
    },
    "support": {
      "mean": 5.0,
      "std": 0.0,
      "n": 5
    }
  },
  "3": {
    "precision": {
      "mean": 0.725,
      "std": 0.049999999999999996,
      "n": 5
    },
    "recall": {
      "mean": 0.74,
      "std": 0.14628738838327796,
      "n": 5
    },
    "f1-score": {
      "mean": 0.7205128205128204,
      "std": 0.04452244962611628,
      "n": 5
    },
    "support": {
      "mean": 4.6,
      "std": 0.48989794855663565,
      "n": 5
    }
  },
  "4": {
    "precision": {
      "mean": 0.7442857142857142,
      "std": 0.15441793276424756,
      "n": 5
    },
    "recall": {
      "mean": 0.6900000000000001,
      "std": 0.12000000000000002,
      "n": 5
    },
    "f1-score": {
      "mean": 0.6933333333333332,
      "std": 0.053333333333333365,
      "n": 5
    },
    "support": {
      "mean": 4.6,
      "std": 0.4898979485566356,
      "n": 5
    }
  },
  "accuracy": {
    "mean": 0.8478260869565217,
    "std": 0.06039975699307504,
    "n": 5
  },
  "macro avg": {
    "precision": {
      "mean": 0.8658571428571429,
      "std": 0.05649907189252359,
      "n": 5
    },
    "recall": {
      "mean": 0.8459999999999999,
      "std": 0.05314132102234566,
      "n": 5
    },
    "f1-score": {
      "mean": 0.8442439782439782,
      "std": 0.05790153347897577,
      "n": 5
    },
    "support": {
      "mean": 23.8,
      "std": 0.4,
      "n": 5
    }
  },
  "weighted avg": {
    "precision": {
      "mean": 0.8686676155969634,
      "std": 0.05307631932443191,
      "n": 5
    },
    "recall": {
      "mean": 0.8478260869565217,
      "std": 0.06039975699307504,
      "n": 5
    },
    "f1-score": {
      "mean": 0.8469510039075256,
      "std": 0.0604297980105378,
      "n": 5
    },
    "support": {
      "mean": 23.8,
      "std": 0.4,
      "n": 5
    }
  }
}