{
  "0": {
    "precision": {
      "mean": 1.0,
      "std": 0.0,
      "n": 5
    },
    "recall": {
      "mean": 1.0,
      "std": 0.0,
      "n": 5
    },
    "f1-score": {
      "mean": 1.0,
      "std": 0.0,
      "n": 5
    },
    "support": {
      "mean": 5.0,
      "std": 0.0,
      "n": 5
    }
  },
  "1": {
    "precision": {
      "mean": 0.9028571428571428,
      "std": 0.1220237514517864,
      "n": 5
    },
    "recall": {
      "mean": 0.9099999999999999,
      "std": 0.11135528725660043,
      "n": 5
    },
    "f1-score": {
      "mean": 0.8936507936507937,
      "std": 0.05714285714285714,
      "n": 5
    },
    "support": {
      "mean": 4.4,
      "std": 0.48989794855663565,
      "n": 5
    }
  },
  "2": {
    "precision": {
      "mean": 1.0,
      "std": 0.0,
      "n": 5
    },
    "recall": {
      "mean": 1.0,
      "std": 0.0,
      "n": 5
    },
    "f1-score": {
      "mean": 1.0,
      "std": 0.0,
      "n": 5
    },
    "support": {
      "mean": 4.6,
      "std": 0.48989794855663565,
      "n": 5
    }
  },
  "3": {
    "precision": {
      "mean": 0.9266666666666667,
      "std": 0.09043106644167022,
      "n": 5
    },
    "recall": {
      "mean": 0.8699999999999999,
      "std": 0.1661324772583615,
      "n": 5
    },
    "f1-score": {
      "mean": 0.881024531024531,
      "std": 0.08092279530256632,
      "n": 5
    },
    "support": {
      "mean": 4.6,
      "std": 0.48989794855663565,
      "n": 5
    }
  },
  "accuracy": {
    "mean": 0.9461988304093568,
    "std": 0.0333179404286412,
    "n": 5
  },
  "macro avg": {
    "precision": {
      "mean": 0.9573809523809524,
      "std": 0.02347865340118295,
      "n": 5
    },
    "recall": {
      "mean": 0.945,
      "std": 0.03221024681681281,
      "n": 5
    },
    "f1-score": {
      "mean": 0.9436688311688313,
      "std": 0.033460232857810045,
      "n": 5
    },
    "support": {
      "mean": 18.6,
      "std": 0.4898979485566356,
      "n": 5
    }
  },
  "weighted avg": {
    "precision": {
      "mean": 0.9584126984126984,
      "std": 0.023999994416561535,
      "n": 5
    },
    "recall": {
      "mean": 0.9461988304093568,
      "std": 0.0333179404286412,
      "n": 5
    },
    "f1-score": {
      "mean": 0.9448625773187176,
      "std": 0.03469564287034735,
      "n": 5
    },
    "support": {
      "mean": 18.6,
      "std": 0.4898979485566356,
      "n": 5
    }
  }
}