{
  "0": {
    "precision": {
      "mean": 0.9333333333333332,
      "std": 0.13333333333333336,
      "n": 5
    },
    "recall": {
      "mean": 0.8,
      "std": 0.18708286933869706,
      "n": 5
    },
    "f1-score": {
      "mean": 0.8571428571428571,
      "std": 0.15649215928719032,
      "n": 5
    },
    "support": {
      "mean": 4.0,
      "std": 0.0,
      "n": 5
    }
  },
  "1": {
    "precision": {
      "mean": 0.8533333333333333,
      "std": 0.14696938456699069,
      "n": 5
    },
    "recall": {
      "mean": 0.95,
      "std": 0.09999999999999999,
      "n": 5
    },
    "f1-score": {
      "mean": 0.8969696969696969,
      "std": 0.12211782836127204,
      "n": 5
    },
    "support": {
      "mean": 4.4,
      "std": 0.48989794855663565,
      "n": 5
    }
  },
  "2": {
    "precision": {
      "mean": 1.0,
      "std": 0.0,
      "n": 5
    },
    "recall": {
      "mean": 1.0,
      "std": 0.0,
      "n": 5
    },
    "f1-score": {
      "mean": 1.0,
      "std": 0.0,
      "n": 5
    },
    "support": {
      "mean": 4.2,
      "std": 0.39999999999999997,
      "n": 5
    }
  },
  "accuracy": {
    "mean": 0.923076923076923,
    "std": 0.08426500884694861,
    "n": 5
  },
  "macro avg": {
    "precision": {
      "mean": 0.928888888888889,
      "std": 0.09015761233378132,
      "n": 5
    },
    "recall": {
      "mean": 0.9166666666666666,
      "std": 0.09128709291752769,
      "n": 5
    },
    "f1-score": {
      "mean": 0.918037518037518,
      "std": 0.09279475441189701,
      "n": 5
    },
    "support": {
      "mean": 12.6,
      "std": 0.48989794855663565,
      "n": 5
    }
  },
  "weighted avg": {
    "precision": {
      "mean": 0.9292307692307693,
      "std": 0.0825720652315751,
      "n": 5
    },
    "recall": {
      "mean": 0.923076923076923,
      "std": 0.08426500884694861,
      "n": 5
    },
    "f1-score": {
      "mean": 0.9215451215451216,
      "std": 0.0856033949912919,
      "n": 5
    },
    "support": {
      "mean": 12.6,
      "std": 0.48989794855663565,
      "n": 5
    }
  }
}