{
  "0": {
    "precision": {
      "mean": 0.9333333333333332,
      "std": 0.13333333333333336,
      "n": 5
    },
    "recall": {
      "mean": 1.0,
      "std": 0.0,
      "n": 5
    },
    "f1-score": {
      "mean": 0.96,
      "std": 0.07999999999999999,
      "n": 5
    },
    "support": {
      "mean": 3.8,
      "std": 0.39999999999999997,
      "n": 5
    }
  },
  "1": {
    "precision": {
      "mean": 0.8833333333333332,
      "std": 0.1452966314513558,
      "n": 5
    },
    "recall": {
      "mean": 0.9,
      "std": 0.1224744871391589,
      "n": 5
    },
    "f1-score": {
      "mean": 0.8742857142857142,
      "std": 0.06663945022680343,
      "n": 5
    },
    "support": {
      "mean": 3.8,
      "std": 0.39999999999999997,
      "n": 5
    }
  },
  "2": {
    "precision": {
      "mean": 1.0,
      "std": 0.0,
      "n": 5
    },
    "recall": {
      "mean": 0.95,
      "std": 0.09999999999999999,
      "n": 5
    },
    "f1-score": {
      "mean": 0.9714285714285715,
      "std": 0.05714285714285716,
      "n": 5
    },
    "support": {
      "mean": 3.4,
      "std": 0.4898979485566356,
      "n": 5
    }
  },
  "3": {
    "precision": {
      "mean": 1.0,
      "std": 0.0,
      "n": 5
    },
    "recall": {
      "mean": 0.9,
      "std": 0.20000000000000004,
      "n": 5
    },
    "f1-score": {
      "mean": 0.9333333333333332,
      "std": 0.13333333333333336,
      "n": 5
    },
    "support": {
      "mean": 3.8,
      "std": 0.39999999999999997,
      "n": 5
    }
  },
  "4": {
    "precision": {
      "mean": 0.9199999999999999,
      "std": 0.09797958971132709,
      "n": 5
    },
    "recall": {
      "mean": 0.9,
      "std": 0.20000000000000004,
      "n": 5
    },
    "f1-score": {
      "mean": 0.888888888888889,
      "std": 0.12171612389003693,
      "n": 5
    },
    "support": {
      "mean": 3.6,
      "std": 0.4898979485566356,
      "n": 5
    }
  },
  "accuracy": {
    "mean": 0.9251461988304094,
    "std": 0.07106165562505852,
    "n": 5
  },
  "macro avg": {
    "precision": {
      "mean": 0.9473333333333332,
      "std": 0.043838085927396284,
      "n": 5
    },
    "recall": {
      "mean": 0.93,
      "std": 0.06782329983125267,
      "n": 5
    },
    "f1-score": {
      "mean": 0.9255873015873016,
      "std": 0.07245710279904757,
      "n": 5
    },
    "support": {
      "mean": 18.4,
      "std": 0.4898979485566356,
      "n": 5
    }
  },
  "weighted avg": {
    "precision": {
      "mean": 0.9462865497076024,
      "std": 0.0463831175234099,
      "n": 5
    },
    "recall": {
      "mean": 0.9251461988304094,
      "std": 0.07106165562505852,
      "n": 5
    },
    "f1-score": {
      "mean": 0.9219957300659056,
      "std": 0.0763345429037576,
      "n": 5
    },
    "support": {
      "mean": 18.4,
      "std": 0.4898979485566356,
      "n": 5
    }
  }
}