{
  "0": {
    "precision": {
      "mean": 0.7533333333333333,
      "std": 0.1355646627177517,
      "n": 5
    },
    "recall": {
      "mean": 0.61,
      "std": 0.08,
      "n": 5
    },
    "f1-score": {
      "mean": 0.6676190476190476,
      "std": 0.0740257968150584,
      "n": 5
    },
    "support": {
      "mean": 4.6,
      "std": 0.48989794855663565,
      "n": 5
    }
  },
  "1": {
    "precision": {
      "mean": 0.8933333333333333,
      "std": 0.13727506854649335,
      "n": 5
    },
    "recall": {
      "mean": 0.8699999999999999,
      "std": 0.1661324772583615,
      "n": 5
    },
    "f1-score": {
      "mean": 0.8592063492063492,
      "std": 0.08501715327935813,
      "n": 5
    },
    "support": {
      "mean": 4.4,
      "std": 0.48989794855663565,
      "n": 5
    }
  },
  "2": {
    "precision": {
      "mean": 0.4966666666666667,
      "std": 0.14157840387730203,
      "n": 5
    },
    "recall": {
      "mean": 0.5700000000000001,
      "std": 0.18601075237738277,
      "n": 5
    },
    "f1-score": {
      "mean": 0.5193650793650794,
      "std": 0.13777338885555793,
      "n": 5
    },
    "support": {
      "mean": 4.2,
      "std": 0.39999999999999997,
      "n": 5
    }
  },
  "3": {
    "precision": {
      "mean": 0.7571428571428571,
      "std": 0.20995626366712955,
      "n": 5
    },
    "recall": {
      "mean": 0.78,
      "std": 0.20396078054371142,
      "n": 5
    },
    "f1-score": {
      "mean": 0.7398989898989898,
      "std": 0.13322232906052262,
      "n": 5
    },
    "support": {
      "mean": 4.6,
      "std": 0.4898979485566356,
      "n": 5
    }
  },
  "4": {
    "precision": {
      "mean": 1.0,
      "std": 0.0,
      "n": 5
    },
    "recall": {
      "mean": 0.95,
      "std": 0.09999999999999999,
      "n": 5
    },
    "f1-score": {
      "mean": 0.9714285714285715,
      "std": 0.05714285714285716,
      "n": 5
    },
    "support": {
      "mean": 4.0,
      "std": 0.0,
      "n": 5
    }
  },
  "accuracy": {
    "mean": 0.751948051948052,
    "std": 0.03861316557745067,
    "n": 5
  },
  "macro avg": {
    "precision": {
      "mean": 0.7800952380952382,
      "std": 0.03660464761143548,
      "n": 5
    },
    "recall": {
      "mean": 0.756,
      "std": 0.03720215047547655,
      "n": 5
    },
    "f1-score": {
      "mean": 0.7515036075036076,
      "std": 0.04011874061188745,
      "n": 5
    },
    "support": {
      "mean": 21.8,
      "std": 0.4,
      "n": 5
    }
  },
  "weighted avg": {
    "precision": {
      "mean": 0.7871428571428571,
      "std": 0.036207560333073235,
      "n": 5
    },
    "recall": {
      "mean": 0.751948051948052,
      "std": 0.03861316557745067,
      "n": 5
    },
    "f1-score": {
      "mean": 0.7525213170667716,
      "std": 0.04128255633988702,
      "n": 5
    },
    "support": {
      "mean": 21.8,
      "std": 0.4,
      "n": 5
    }
  }
}