{
  "0": {
    "precision": {
      "mean": 0.9199999999999999,
      "std": 0.16,
      "n": 5
    },
    "recall": {
      "mean": 0.7666666666666667,
      "std": 0.2438123139721299,
      "n": 5
    },
    "f1-score": {
      "mean": 0.7928571428571429,
      "std": 0.16659862556700855,
      "n": 5
    },
    "support": {
      "mean": 3.6,
      "std": 0.4898979485566356,
      "n": 5
    }
  },
  "1": {
    "precision": {
      "mean": 0.96,
      "std": 0.07999999999999999,
      "n": 5
    },
    "recall": {
      "mean": 1.0,
      "std": 0.0,
      "n": 5
    },
    "f1-score": {
      "mean": 0.9777777777777779,
      "std": 0.04444444444444447,
      "n": 5
    },
    "support": {
      "mean": 3.4,
      "std": 0.4898979485566356,
      "n": 5
    }
  },
  "2": {
    "precision": {
      "mean": 0.8699999999999999,
      "std": 0.10770329614269006,
      "n": 5
    },
    "recall": {
      "mean": 0.8666666666666666,
      "std": 0.26666666666666666,
      "n": 5
    },
    "f1-score": {
      "mean": 0.8269841269841269,
      "std": 0.17054445737858148,
      "n": 5
    },
    "support": {
      "mean": 3.6,
      "std": 0.4898979485566356,
      "n": 5
    }
  },
  "3": {
    "precision": {
      "mean": 1.0,
      "std": 0.0,
      "n": 5
    },
    "recall": {
      "mean": 1.0,
      "std": 0.0,
      "n": 5
    },
    "f1-score": {
      "mean": 1.0,
      "std": 0.0,
      "n": 5
    },
    "support": {
      "mean": 3.4,
      "std": 0.4898979485566356,
      "n": 5
    }
  },
  "accuracy": {
    "mean": 0.9142857142857143,
    "std": 0.0534522483824849,
    "n": 5
  },
  "macro avg": {
    "precision": {
      "mean": 0.9375,
      "std": 0.04031128874149275,
      "n": 5
    },
    "recall": {
      "mean": 0.9083333333333332,
      "std": 0.06535161308899219,
      "n": 5
    },
    "f1-score": {
      "mean": 0.8994047619047618,
      "std": 0.07503463548957685,
      "n": 5
    },
    "support": {
      "mean": 14.0,
      "std": 0.0,
      "n": 5
    }
  },
  "weighted avg": {
    "precision": {
      "mean": 0.9378571428571428,
      "std": 0.036950049018221603,
      "n": 5
    },
    "recall": {
      "mean": 0.9142857142857143,
      "std": 0.0534522483824849,
      "n": 5
    },
    "f1-score": {
      "mean": 0.9049319727891156,
      "std": 0.0630882852456284,
      "n": 5
    },
    "support": {
      "mean": 14.0,
      "std": 0.0,
      "n": 5
    }
  }
}