{
  "0": {
    "precision": {
      "mean": 0.86,
      "std": 0.11575836902790225,
      "n": 5
    },
    "recall": {
      "mean": 0.9,
      "std": 0.1224744871391589,
      "n": 5
    },
    "f1-score": {
      "mean": 0.8777777777777779,
      "std": 0.11194134266449936,
      "n": 5
    },
    "support": {
      "mean": 3.8,
      "std": 0.39999999999999997,
      "n": 5
    }
  },
  "1": {
    "precision": {
      "mean": 0.5833333333333333,
      "std": 0.33333333333333337,
      "n": 5
    },
    "recall": {
      "mean": 0.55,
      "std": 0.348010216963685,
      "n": 5
    },
    "f1-score": {
      "mean": 0.5561904761904761,
      "std": 0.32468229718342884,
      "n": 5
    },
    "support": {
      "mean": 3.2,
      "std": 0.39999999999999997,
      "n": 5
    }
  },
  "2": {
    "precision": {
      "mean": 1.0,
      "std": 0.0,
      "n": 5
    },
    "recall": {
      "mean": 1.0,
      "std": 0.0,
      "n": 5
    },
    "f1-score": {
      "mean": 1.0,
      "std": 0.0,
      "n": 5
    },
    "support": {
      "mean": 3.4,
      "std": 0.4898979485566356,
      "n": 5
    }
  },
  "3": {
    "precision": {
      "mean": 0.85,
      "std": 0.2,
      "n": 5
    },
    "recall": {
      "mean": 0.8166666666666667,
      "std": 0.1527525231651947,
      "n": 5
    },
    "f1-score": {
      "mean": 0.8171428571428571,
      "std": 0.13950349275124233,
      "n": 5
    },
    "support": {
      "mean": 3.2,
      "std": 0.39999999999999997,
      "n": 5
    }
  },
  "4": {
    "precision": {
      "mean": 0.9199999999999999,
      "std": 0.16,
      "n": 5
    },
    "recall": {
      "mean": 0.9333333333333332,
      "std": 0.13333333333333336,
      "n": 5
    },
    "f1-score": {
      "mean": 0.9099999999999999,
      "std": 0.11135528725660043,
      "n": 5
    },
    "support": {
      "mean": 3.4,
      "std": 0.4898979485566356,
      "n": 5
    }
  },
  "5": {
    "precision": {
      "mean": 0.86,
      "std": 0.11575836902790225,
      "n": 5
    },
    "recall": {
      "mean": 0.95,
      "std": 0.09999999999999999,
      "n": 5
    },
    "f1-score": {
      "mean": 0.8992063492063492,
      "std": 0.09429426501764536,
      "n": 5
    },
    "support": {
      "mean": 3.6,
      "std": 0.4898979485566356,
      "n": 5
    }
  },
  "6": {
    "precision": {
      "mean": 1.0,
      "std": 0.0,
      "n": 5
    },
    "recall": {
      "mean": 0.8833333333333332,
      "std": 0.1452966314513558,
      "n": 5
    },
    "f1-score": {
      "mean": 0.9314285714285713,
      "std": 0.08590455073355947,
      "n": 5
    },
    "support": {
      "mean": 3.2,
      "std": 0.39999999999999997,
      "n": 5
    }
  },
  "accuracy": {
    "mean": 0.8663043478260869,
    "std": 0.054677742588292416,
    "n": 5
  },
  "macro avg": {
    "precision": {
      "mean": 0.8676190476190475,
      "std": 0.06873657362196625,
      "n": 5
    },
    "recall": {
      "mean": 0.8619047619047618,
      "std": 0.06004533434723093,
      "n": 5
    },
    "f1-score": {
      "mean": 0.8559637188208618,
      "std": 0.06435966184481019,
      "n": 5
    },
    "support": {
      "mean": 23.8,
      "std": 0.4,
      "n": 5
    }
  },
  "weighted avg": {
    "precision": {
      "mean": 0.8743115942028984,
      "std": 0.06225077910399851,
      "n": 5
    },
    "recall": {
      "mean": 0.8663043478260869,
      "std": 0.054677742588292416,
      "n": 5
    },
    "f1-score": {
      "mean": 0.8619326547043938,
      "std": 0.05866369010807835,
      "n": 5
    },
    "support": {
      "mean": 23.8,
      "std": 0.4,
      "n": 5
    }
  }
}