{
  "0": {
    "precision": {
      "mean": 0.96,
      "std": 0.07999999999999999,
      "n": 5
    },
    "recall": {
      "mean": 1.0,
      "std": 0.0,
      "n": 5
    },
    "f1-score": {
      "mean": 0.9777777777777779,
      "std": 0.04444444444444447,
      "n": 5
    },
    "support": {
      "mean": 3.8,
      "std": 0.39999999999999997,
      "n": 5
    }
  },
  "1": {
    "precision": {
      "mean": 0.8433333333333334,
      "std": 0.13482498944104457,
      "n": 5
    },
    "recall": {
      "mean": 0.8166666666666667,
      "std": 0.1527525231651947,
      "n": 5
    },
    "f1-score": {
      "mean": 0.8139682539682539,
      "std": 0.07903678130588157,
      "n": 5
    },
    "support": {
      "mean": 3.4,
      "std": 0.4898979485566356,
      "n": 5
    }
  },
  "2": {
    "precision": {
      "mean": 0.86,
      "std": 0.11575836902790225,
      "n": 5
    },
    "recall": {
      "mean": 0.8833333333333334,
      "std": 0.1452966314513558,
      "n": 5
    },
    "f1-score": {
      "mean": 0.8520634920634921,
      "std": 0.02878929282223396,
      "n": 5
    },
    "support": {
      "mean": 3.4,
      "std": 0.4898979485566356,
      "n": 5
    }
  },
  "3": {
    "precision": {
      "mean": 1.0,
      "std": 0.0,
      "n": 5
    },
    "recall": {
      "mean": 1.0,
      "std": 0.0,
      "n": 5
    },
    "f1-score": {
      "mean": 1.0,
      "std": 0.0,
      "n": 5
    },
    "support": {
      "mean": 3.4,
      "std": 0.4898979485566356,
      "n": 5
    }
  },
  "4": {
    "precision": {
      "mean": 1.0,
      "std": 0.0,
      "n": 5
    },
    "recall": {
      "mean": 0.9,
      "std": 0.1224744871391589,
      "n": 5
    },
    "f1-score": {
      "mean": 0.9428571428571428,
      "std": 0.06998542122237654,
      "n": 5
    },
    "support": {
      "mean": 3.8,
      "std": 0.39999999999999997,
      "n": 5
    }
  },
  "accuracy": {
    "mean": 0.9215686274509803,
    "std": 0.026709564368238643,
    "n": 5
  },
  "macro avg": {
    "precision": {
      "mean": 0.9326666666666666,
      "std": 0.030796825233202964,
      "n": 5
    },
    "recall": {
      "mean": 0.9199999999999999,
      "std": 0.024494897427831785,
      "n": 5
    },
    "f1-score": {
      "mean": 0.9173333333333333,
      "std": 0.027635900714730446,
      "n": 5
    },
    "support": {
      "mean": 17.8,
      "std": 0.4,
      "n": 5
    }
  },
  "weighted avg": {
    "precision": {
      "mean": 0.9366993464052287,
      "std": 0.023487753609274315,
      "n": 5
    },
    "recall": {
      "mean": 0.9215686274509803,
      "std": 0.026709564368238643,
      "n": 5
    },
    "f1-score": {
      "mean": 0.9203755576304596,
      "std": 0.02613710336908999,
      "n": 5
    },
    "support": {
      "mean": 17.8,
      "std": 0.4,
      "n": 5
    }
  }
}