{
  "0": {
    "precision": {
      "mean": 0.8300000000000001,
      "std": 0.23579652245103191,
      "n": 5
    },
    "recall": {
      "mean": 0.9333333333333332,
      "std": 0.13333333333333336,
      "n": 5
    },
    "f1-score": {
      "mean": 0.8457142857142858,
      "std": 0.15815260003540627,
      "n": 5
    },
    "support": {
      "mean": 2.6,
      "std": 0.4898979485566356,
      "n": 5
    }
  },
  "1": {
    "precision": {
      "mean": 0.8833333333333332,
      "std": 0.1452966314513558,
      "n": 5
    },
    "recall": {
      "mean": 0.9333333333333333,
      "std": 0.13333333333333336,
      "n": 5
    },
    "f1-score": {
      "mean": 0.8914285714285715,
      "std": 0.09107072828862414,
      "n": 5
    },
    "support": {
      "mean": 2.4,
      "std": 0.4898979485566356,
      "n": 5
    }
  },
  "2": {
    "precision": {
      "mean": 0.6,
      "std": 0.48989794855663565,
      "n": 5
    },
    "recall": {
      "mean": 0.0,
      "std": 0.0,
      "n": 5
    },
    "f1-score": {
      "mean": 0.0,
      "std": 0.0,
      "n": 5
    },
    "support": {
      "mean": 2.2,
      "std": 0.39999999999999997,
      "n": 5
    }
  },
  "3": {
    "precision": {
      "mean": 0.8833333333333332,
      "std": 0.1452966314513558,
      "n": 5
    },
    "recall": {
      "mean": 0.9333333333333332,
      "std": 0.13333333333333336,
      "n": 5
    },
    "f1-score": {
      "mean": 0.8914285714285715,
      "std": 0.09107072828862414,
      "n": 5
    },
    "support": {
      "mean": 2.8,
      "std": 0.39999999999999997,
      "n": 5
    }
  },
  "4": {
    "precision": {
      "mean": 1.0,
      "std": 0.0,
      "n": 5
    },
    "recall": {
      "mean": 1.0,
      "std": 0.0,
      "n": 5
    },
    "f1-score": {
      "mean": 1.0,
      "std": 0.0,
      "n": 5
    },
    "support": {
      "mean": 2.0,
      "std": 0.0,
      "n": 5
    }
  },
  "5": {
    "precision": {
      "mean": 0.8166666666666667,
      "std": 0.1527525231651947,
      "n": 5
    },
    "recall": {
      "mean": 0.9333333333333332,
      "std": 0.13333333333333336,
      "n": 5
    },
    "f1-score": {
      "mean": 0.8514285714285714,
      "std": 0.07751234266428876,
      "n": 5
    },
    "support": {
      "mean": 2.4,
      "std": 0.4898979485566356,
      "n": 5
    }
  },
  "6": {
    "precision": {
      "mean": 0.9333333333333332,
      "std": 0.13333333333333336,
      "n": 5
    },
    "recall": {
      "mean": 0.9,
      "std": 0.2,
      "n": 5
    },
    "f1-score": {
      "mean": 0.8933333333333333,
      "std": 0.13727506854649335,
      "n": 5
    },
    "support": {
      "mean": 2.0,
      "std": 0.0,
      "n": 5
    }
  },
  "7": {
    "precision": {
      "mean": 0.9,
      "std": 0.2,
      "n": 5
    },
    "recall": {
      "mean": 1.0,
      "std": 0.0,
      "n": 5
    },
    "f1-score": {
      "mean": 0.9333333333333333,
      "std": 0.13333333333333336,
      "n": 5
    },
    "support": {
      "mean": 2.0,
      "std": 0.0,
      "n": 5
    }
  },
  "accuracy": {
    "mean": 0.8263157894736841,
    "std": 0.03981764802467647,
    "n": 5
  },
  "macro avg": {
    "precision": {
      "mean": 0.8558333333333332,
      "std": 0.06341551685335206,
      "n": 5
    },
    "recall": {
      "mean": 0.8291666666666666,
      "std": 0.033333333333333354,
      "n": 5
    },
    "f1-score": {
      "mean": 0.7883333333333333,
      "std": 0.031563562907272656,
      "n": 5
    },
    "support": {
      "mean": 18.4,
      "std": 0.4898979485566356,
      "n": 5
    }
  },
  "weighted avg": {
    "precision": {
      "mean": 0.8546003898635476,
      "std": 0.0703066552632987,
      "n": 5
    },
    "recall": {
      "mean": 0.8263157894736841,
      "std": 0.03981764802467647,
      "n": 5
    },
    "f1-score": {
      "mean": 0.7903313840155944,
      "std": 0.0387177179080233,
      "n": 5
    },
    "support": {
      "mean": 18.4,
      "std": 0.4898979485566356,
      "n": 5
    }
  }
}