{
  "0": {
    "precision": {
      "mean": 0.7666666666666667,
      "std": 0.2905932629027116,
      "n": 5
    },
    "recall": {
      "mean": 0.6,
      "std": 0.37416573867739417,
      "n": 5
    },
    "f1-score": {
      "mean": 0.58,
      "std": 0.38157568056677826,
      "n": 5
    },
    "support": {
      "mean": 2.4,
      "std": 0.4898979485566356,
      "n": 5
    }
  },
  "1": {
    "precision": {
      "mean": 0.5666666666666667,
      "std": 0.3265986323710904,
      "n": 5
    },
    "recall": {
      "mean": 0.6333333333333333,
      "std": 0.37118429085533483,
      "n": 5
    },
    "f1-score": {
      "mean": 0.5599999999999999,
      "std": 0.28472208672083493,
      "n": 5
    },
    "support": {
      "mean": 2.4,
      "std": 0.4898979485566356,
      "n": 5
    }
  },
  "2": {
    "precision": {
      "mean": 1.0,
      "std": 0.0,
      "n": 5
    },
    "recall": {
      "mean": 0.9,
      "std": 0.2,
      "n": 5
    },
    "f1-score": {
      "mean": 0.9333333333333332,
      "std": 0.13333333333333336,
      "n": 5
    },
    "support": {
      "mean": 2.2,
      "std": 0.39999999999999997,
      "n": 5
    }
  },
  "3": {
    "precision": {
      "mean": 0.8833333333333332,
      "std": 0.1452966314513558,
      "n": 5
    },
    "recall": {
      "mean": 0.9,
      "std": 0.20000000000000004,
      "n": 5
    },
    "f1-score": {
      "mean": 0.8647619047619047,
      "std": 0.12654845898569975,
      "n": 5
    },
    "support": {
      "mean": 2.2,
      "std": 0.39999999999999997,
      "n": 5
    }
  },
  "4": {
    "precision": {
      "mean": 1.0,
      "std": 0.0,
      "n": 5
    },
    "recall": {
      "mean": 1.0,
      "std": 0.0,
      "n": 5
    },
    "f1-score": {
      "mean": 1.0,
      "std": 0.0,
      "n": 5
    },
    "support": {
      "mean": 2.2,
      "std": 0.39999999999999997,
      "n": 5
    }
  },
  "accuracy": {
    "mean": 0.803030303030303,
    "std": 0.13611087685742854,
    "n": 5
  },
  "macro avg": {
    "precision": {
      "mean": 0.8433333333333334,
      "std": 0.12806248474865697,
      "n": 5
    },
    "recall": {
      "mean": 0.8066666666666666,
      "std": 0.11035296904831232,
      "n": 5
    },
    "f1-score": {
      "mean": 0.7876190476190477,
      "std": 0.1231690393114193,
      "n": 5
    },
    "support": {
      "mean": 11.4,
      "std": 0.48989794855663565,
      "n": 5
    }
  },
  "weighted avg": {
    "precision": {
      "mean": 0.8309343434343435,
      "std": 0.14967335962069162,
      "n": 5
    },
    "recall": {
      "mean": 0.803030303030303,
      "std": 0.13611087685742854,
      "n": 5
    },
    "f1-score": {
      "mean": 0.7833621933621934,
      "std": 0.14327380751411511,
      "n": 5
    },
    "support": {
      "mean": 11.4,
      "std": 0.48989794855663565,
      "n": 5
    }
  }
}